{
    "questions": [
        {
            "title": "Who conducted pioneering research on radio-\nactivity and earned two Nobel Prizes for\ncontributions to understanding atomic properties?",
            "answer": ["Marie Curie", "Lise Meitner", "Elzbieta Zawacka"],
            "goodAnswer": "Marie Curie",
            "image" : "curie",
            "bio": "Born in Poland, this scientist's profound invest-\nigations into radioactivity reshaped the field of\natomic science. Her groundbreaking discoveries\nnot only laid the groundwork for modern under-\nstandings of radiation but also earned them the\ndistinction of being a double Nobel laureate."
        },
        {
            "title": "Who made significant contributions to under-\nstanding molecular structures, including in\nuncovering the DNA double helix?",
            "answer": ["Dorothy Hodgkin", "Rosalind Franklin", "Barbara McClintock"],
            "goodAnswer": "Rosalind Franklin",
            "image" : "franklin",
            "bio": "Emerging in mid-20th century England, this\nbrilliant mind's mastery of X-ray crystallography\nunraveled the intricate structure of DNA's double\nhelix. Despite her pivotal contributions, her name\nwas often obscured, yet her legacyendures in the\nrealm of genetics and molecular biology."
        },
        {
            "title": "Which mathematician's calculations were pivotal\nin launching the first American astronauts into\nspace?",
            "answer": ["Dorothy Vaughan", "Katherine Johnson", "Mary Jackson"],
            "goodAnswer": "Katherine Johnson",
            "image" : "johnson",
            "bio": "Her calculations were behind the success of the\nfirst American spaceflights. Her work ensured\nthe trajectories of astronauts were accurate and\nsafe, marking a significant milestone in space\nexploration. Her used the power of math and\ndetermination in the face of challenges."
        },
        {
            "title": "Who  is  often  regarded  as the  world's  first\ncomputer  programmer (before the first\ncomputers emerged)?",
            "answer": ["Sophie Germain", "Grace Hopper", "Ada Lovelace"],
            "goodAnswer": "Ada Lovelace",
            "image" : "lovelace",
            "bio": "In 19 century England, she envisioned a machine\nthat could process not only numbers but also\ninstructions, laying the foundation for modern\ncomputer programming. Her work opened a\nrealm of possibilities, influencing innovators\nof the digital age."
        },
        {
            "title": "Who was a movie-star and the co-inventor of a\nfrequency-hopping system that laid the ground-\nwork for modern wireless technologies?",
            "answer": ["Hedy Lamarr", "Brigitte Bardot", "Audrey Hepburn"],
            "goodAnswer": "Hedy Lamarr",
            "image" : "lamarr",
            "bio": "Born in 1914 in Austria, she helped develop a\nsystem to prevent radio-guided torpedoes from\nbeing jammed by enemies during World War II.\nThis invention, though initially overlooked, was\na precursor to today's technologies, including\nBluetooth and Wi-Fi."

        },
        {
            "title": "Who helped confirm a fundamental theory in\nparticle physics through a groundbreaking ex-\nperiment during the early 20th century?",
            "answer": ["Chien-Shiung Wu", "Youyou Tu", "Shen Chun-shan"],
            "goodAnswer": "Chien-Shiung Wu",
            "image" : "wu",
            "bio":  "Through a meticulous experiment, she provided\nevidence for the theory of weak interaction in\nparticle physics, challenging conventional norms.\nHer innovative methods and fearless pursuit of\ntruth reshaped our understanding of fundamental\nforces, leaving a mark on the world of physics."
        },
        {
            "title": "Which pioneering mathematician made significant\nadvancements in the field of partial differential\nequations?",
            "answer": ["Sofia Kovalevskaya", "Olga Ladyzhenskaya", "Lyudmila Keldysh"],
            "goodAnswer": "Sofia Kovalevskaya",
            "image" : "kovalevskaya",
            "bio": "Born in 1850 in Russia, this mathematician made\nnotable contributions to mathematical analysis.\nShe was the first woman in Europe to receive a\ndoctorate in mathematics,  breaking barriers for\nwomen in the field. Her work continues to inspire\nmathematicians today."
        },
        {
            "title": "Which scholar excelled in mathematics, astronomy,\nand philosophy, leaving an enduring legacy in the\nancient world?",
            "answer": ["Hypatia of Alexandria", "Trotula of Salerno", "Aglaonike"],
            "goodAnswer": "Hypatia of Alexandria",
            "image" : "hypatia",
            "bio": "Born around 360 CE, this exceptional mind chal-\nlenged societal norms, breaking through barriers\nto excel in traditionally male-dominated fields. A\nsymbol of wisdom and resilience, her legacy\ncontinues to inspire scholars and thinkers across\nthe ages."
        },
        {
            "title": "Who became the first recipient of the Fields Medal\nfor achievements in the dynamics and geometry\nof Riemann surfaces and their moduli spaces?",
            "answer": ["Sameera Moussa", "Maryam Mirzakhani", "Nawal El Saadawi "],
            "goodAnswer": "Maryam Mirzakhani",
            "image" : "mirzakhani",
            "bio": "Born in Tehran in 1977, this mathematician made\nsignificant contributions to Riemann surfaces,\nhyperbolic geometry, and topology. In 2014, she\nbecame the first Iranian to win the Fields Medal.\nSadly, her influential journey ended in 2017."
        },
        {
            "title": "Which scientist from Karnataka, India, was instru-\nmental in advancing the fields of microwave\nengineering and antennae research?",
            "answer": ["Anandibai Joshi", "Rajeshwari Chatterjee", "Janaki Ammal"],
            "goodAnswer": "Rajeshwari Chatterjee",
            "image" : "chatterjee",
            "bio": "Originating from India, this engineer's work in\nmicrowave engineering profoundly impacted com-\nmunications and radar technology. Her research\nand innovative methods have significantly influ-\nenced the design and understanding of antennae\nsystems."
        }
        
        
  ]
}
